,Product Name,Original Price,Discount,Product Price,Description,Reviews
0,"REDMI Note 13 Pro 5G (Arctic White, 128 GB)","₹28,999",10% off,"₹25,999",8 GB RAM | 128 GB ROM16.94 cm (6.67 inch) Display200MP (OIS) + 8MP + 2MP | 16MP Front Camera5100 mAh Battery7s Gen 2 Mobile Platform 5G Processor1 Year Manufacturer Warranty for Phone and 6 Months Warranty for In the Box Accessories,4.3
1,"REDMI Note 13 Pro 5G (Coral Purple, 128 GB)","₹28,999",10% off,"₹25,999",8 GB RAM | 128 GB ROM16.94 cm (6.67 inch) Display200MP (OIS) + 8MP + 2MP | 16MP Front Camera5100 mAh Battery7s Gen 2 Mobile Platform 5G Processor1 Year Manufacturer Warranty for Phone and 6 Months Warranty for In the Box Accessories,4.3
2,"OnePlus Nord CE 3 Lite 5G (Pastel Lime, 256 GB)","₹21,999",9% off,"₹19,858",8 GB RAM | 256 GB ROM17.07 cm (6.72 inch) Display108MP Rear Camera5000 mAh BatteryDomestic Warranty of 12 months on phone & 6 months on accessories,4.4
3,"OnePlus Nord CE 3 Lite 5G (Chromatic Gray, 256 GB)","₹21,999",9% off,"₹19,989",8 GB RAM | 256 GB ROM17.07 cm (6.72 inch) Display108MP Rear Camera5000 mAh BatteryDomestic Warranty of 12 months on phone & 6 months on accessories,4.4
4,"Motorola Edge 40 Neo (Soothing Sea, 128 GB)","₹27,999",17% off,"₹22,999",8 GB RAM | 128 GB ROM16.64 cm (6.55 inch) Full HD+ Display50MP + 13MP | 32MP Front Camera5000 mAh BatteryDimensity 7030 Processor1 Year on Handset and 6 Months on Accessories,4.3
5,"Nothing Phone (2a) 5G (Black, 128 GB)","₹25,999",7% off,"₹23,999",8 GB RAM | 128 GB ROM17.02 cm (6.7 inch) Full HD+ Display50MP (OIS) + 50MP | 32MP Front Camera5000 mAh BatteryDimensity 7200 Pro Processor1 Year Manufacturing Warranty,4.5
6,"REDMI Note 13 Pro 5G (Midnight Black, 128 GB)","₹28,999",10% off,"₹25,999",8 GB RAM | 128 GB ROM16.94 cm (6.67 inch) Display200MP (OIS) + 8MP + 2MP | 16MP Front Camera5100 mAh Battery7s Gen 2 Mobile Platform 5G Processor1 Year Manufacturer Warranty for Phone and 6 Months Warranty for In the Box Accessories,4.3
7,"Motorola Edge 40 Neo (Peach Fuzz, 128 GB)","₹27,999",17% off,"₹22,999",8 GB RAM | 128 GB ROM16.64 cm (6.55 inch) Full HD+ Display50MP + 13MP | 32MP Front Camera5000 mAh BatteryDimensity 7030 Processor1 Year on Handset and 6 Months on Accessories,4.3
8,"Motorola Edge 40 Neo (Caneel Bay, 128 GB)","₹27,999",17% off,"₹22,999",8 GB RAM | 128 GB ROM16.64 cm (6.55 inch) Full HD+ Display50MP + 13MP | 32MP Front Camera5000 mAh BatteryDimensity 7030 Processor1 Year on Handset and 6 Months on Accessories,4.3
9,"vivo T3 5G (Crystal Flake, 256 GB)","₹24,999",12% off,"₹21,999",8 GB RAM | 256 GB ROM16.94 cm (6.67 inch) Full HD+ Display50MP + 2MP | 16MP Front Camera5000 mAh BatteryDimensity 7200 Processor1 Year Manufacturer Warranty for Device and 6 Months Manufacturer Warranty for Inbox Accessories,4.4
10,"vivo T3 5G (Cosmic Blue, 256 GB)","₹24,999",12% off,"₹21,999",8 GB RAM | 256 GB ROM16.94 cm (6.67 inch) Full HD+ Display50MP + 2MP | 16MP Front Camera5000 mAh BatteryDimensity 7200 Processor1 Year Manufacturer Warranty for Device and 6 Months Manufacturer Warranty for Inbox Accessories,4.4
11,"vivo T2 Pro 5G (Dune Gold, 128 GB)","₹26,999",11% off,"₹23,999",8 GB RAM | 128 GB ROM17.22 cm (6.78 inch) Full HD+ Display64MP + 2MP | 16MP Front Camera4600 mAh BatteryDimensity 7200 Processor1 Year Manufacturer Warranty for Phone and 6 Months Warranty for In the Box Accessories,4.5
12,"vivo T2 Pro 5G (New Moon Black, 128 GB)","₹26,999",11% off,"₹23,999",8 GB RAM | 128 GB ROM17.22 cm (6.78 inch) Full HD+ Display64MP + 2MP | 16MP Front Camera4600 mAh BatteryDimensity 7200 Processor1 Year Manufacturer Warranty for Phone and 6 Months Warranty for In the Box Accessories,4.5
13,"vivo T2 Pro 5G (Dune Gold, 256 GB)","₹27,999",10% off,"₹24,999",8 GB RAM | 256 GB ROM17.22 cm (6.78 inch) Full HD+ Display64MP + 2MP | 16MP Front Camera4600 mAh BatteryDimensity 7200 Processor1 Year Manufacturer Warranty for Phone and 6 Months Warranty for In the Box Accessories,4.5
14,"vivo T2 Pro 5G (New Moon Black, 256 GB)","₹27,999",10% off,"₹24,999",8 GB RAM | 256 GB ROM17.22 cm (6.78 inch) Full HD+ Display64MP + 2MP | 16MP Front Camera4600 mAh BatteryDimensity 7200 Processor1 Year Manufacturer Warranty for Phone and 6 Months Warranty for In the Box Accessories,4.5
15,"Motorola Edge 40 Neo (Peach Fuzz, 256 GB)","₹29,999",16% off,"₹24,999",12 GB RAM | 256 GB ROM16.64 cm (6.55 inch) Full HD+ Display50MP + 13MP | 32MP Front Camera5000 mAh BatteryDimensity 7030 Processor1 Year on Handset and 6 Months on Accessories,4.3
16,"realme 12 Pro 5G (Navigator Beige, 128 GB)","₹29,999",16% off,"₹24,999",8 GB RAM | 128 GB ROM17.02 cm (6.7 inch) Full HD+ Display50MP + 8MP + 32MP | 16MP Front Camera5000 mAh BatterySnapdragon 6 Gen 1 Processor1 Year Manufacturer Warranty for Device and 6 Months Manufacturer Warranty for Inbox Accessories,4.4
17,"realme Narzo 70 Pro 5G (Glass Green, 256 GB)","₹26,999",18% off,"₹21,995",8 GB RAM | 256 GB ROM16.94 cm (6.67 inch) Display50MP Rear Camera5000 mAh Battery1 Year Domestic Warranty for Phone and 6 Months Warranty for In-Box Accessories,4.3
18,"realme 12 Pro 5G (Submarine Blue, 128 GB)","₹29,999",16% off,"₹24,999",8 GB RAM | 128 GB ROM17.02 cm (6.7 inch) Full HD+ Display50MP + 8MP + 32MP | 16MP Front Camera5000 mAh BatterySnapdragon 6 Gen 1 Processor1 Year Manufacturer Warranty for Device and 6 Months Manufacturer Warranty for Inbox Accessories,4.4
19,"realme 12+ 5G (Pioneer Green, 256 GB)","₹25,999",15% off,"₹21,999",8 GB RAM | 256 GB ROM | Expandable Upto 2 TB16.94 cm (6.67 inch) Full HD+ Display50MP + 8MP + 2MP | 16MP Front Camera5000 mAh BatteryDimensity 7050 Processor1 Year Manufacturer Warranty for Device and 6 Months Manufacturer Warranty for Inbox Accessories,4.4
20,"realme 12+ 5G (Navigator Beige, 256 GB)","₹25,999",15% off,"₹21,999",8 GB RAM | 256 GB ROM | Expandable Upto 2 TB16.94 cm (6.67 inch) Full HD+ Display50MP + 8MP + 2MP | 16MP Front Camera5000 mAh BatteryDimensity 7050 Processor1 Year Manufacturer Warranty for Device and 6 Months Manufacturer Warranty for Inbox Accessories,4.4
21,"Infinix Zero 30 5G (Fantasy Purple, 256 GB)","₹27,999",21% off,"₹21,999",8 GB RAM | 256 GB ROM17.22 cm (6.78 inch) Full HD+ Display108MP (OIS) + 13MP + 2MP | 50MP Front Camera5000 mAh Lithium-ion Polymer BatteryDimensity 8020 Processor1 Year Warranty on the Handset and 6 Months Warranty on the Accessories,4.2
22,"OnePlus Nord 3 5G (Tempest Gray, 128 GB)","₹33,999",26% off,"₹25,082",8 GB RAM | 128 GB ROM17.12 cm (6.74 inch) Full HD+ Display50MP Rear Camera5000 mAh BatteryDomestic 1 Year of Device & 6 Months for In-Box Accessories,4.4
23,"realme Narzo 70 Pro 5G (Glass Gold, 256 GB)","₹26,999",25% off,"₹20,047",8 GB RAM | 256 GB ROM16.94 cm (6.67 inch) Display50MP Rear Camera5000 mAh Battery1 Year Domestic Warranty for Phone and 6 Months Warranty for In-Box Accessories,4.3
24,"REDMI 13C (Starfrost White, 128 GB)","₹11,999",35% off,"₹7,699",4 GB RAM | 128 GB ROM | Expandable Upto 1 TB17.12 cm (6.74 inch) HD+ Display50MP Rear Camera | 8MP Front Camera5000 mAh BatteryHelio G85 Processor1 Year Manufacturer Warranty for Phone and 6 Months Warranty for In the Box Accessories,4.3
25,"REDMI Note 13 5G (Stealth Black, 128 GB)","₹20,999",14% off,"₹17,999",6 GB RAM | 128 GB ROM | Expandable Upto 1 TB16.94 cm (6.67 inch) Full HD+ Display108MP + 2MP | 16MP Front Camera5000 mAh BatteryDimensity 6080 Processor1 Year Manufacturer Warranty for Phone and 6 Months Warranty for In the Box Accessories,4.2
26,"OnePlus Nord CE 3 Lite 5G (Pastel Lime, 256 GB)","₹21,999",9% off,"₹19,858",8 GB RAM | 256 GB ROM17.07 cm (6.72 inch) Display108MP Rear Camera5000 mAh BatteryDomestic Warranty of 12 months on phone & 6 months on accessories,4.4
27,"OnePlus Nord CE 3 Lite 5G (Chromatic Gray, 256 GB)","₹21,999",9% off,"₹19,988",8 GB RAM | 256 GB ROM17.07 cm (6.72 inch) Display108MP Rear Camera5000 mAh BatteryDomestic Warranty of 12 months on phone & 6 months on accessories,4.4
28,"Motorola Edge 40 Neo (Soothing Sea, 128 GB)","₹27,999",17% off,"₹22,999",8 GB RAM | 128 GB ROM16.64 cm (6.55 inch) Full HD+ Display50MP + 13MP | 32MP Front Camera5000 mAh BatteryDimensity 7030 Processor1 Year on Handset and 6 Months on Accessories,4.3
29,"Nothing Phone (2a) 5G (Black, 128 GB)","₹25,999",7% off,"₹23,999",8 GB RAM | 128 GB ROM17.02 cm (6.7 inch) Full HD+ Display50MP (OIS) + 50MP | 32MP Front Camera5000 mAh BatteryDimensity 7200 Pro Processor1 Year Manufacturing Warranty,4.5
30,"REDMI Note 13 5G (Arctic White, 128 GB)","₹20,999",14% off,"₹17,999",6 GB RAM | 128 GB ROM | Expandable Upto 1 TB16.94 cm (6.67 inch) Full HD+ Display108MP + 2MP | 16MP Front Camera5000 mAh BatteryDimensity 6080 Processor1 Year Manufacturer Warranty for Phone and 6 Months Warranty for In the Box Accessories,4.2
31,"REDMI Note 13 Pro 5G (Arctic White, 128 GB)","₹28,999",10% off,"₹25,999",8 GB RAM | 128 GB ROM16.94 cm (6.67 inch) Display200MP (OIS) + 8MP + 2MP | 16MP Front Camera5100 mAh Battery7s Gen 2 Mobile Platform 5G Processor1 Year Manufacturer Warranty for Phone and 6 Months Warranty for In the Box Accessories,4.3
32,"Motorola Edge 40 Neo (Peach Fuzz, 128 GB)","₹27,999",17% off,"₹22,999",8 GB RAM | 128 GB ROM16.64 cm (6.55 inch) Full HD+ Display50MP + 13MP | 32MP Front Camera5000 mAh BatteryDimensity 7030 Processor1 Year on Handset and 6 Months on Accessories,4.3
33,"Motorola Edge 40 Neo (Caneel Bay, 128 GB)","₹27,999",17% off,"₹22,999",8 GB RAM | 128 GB ROM16.64 cm (6.55 inch) Full HD+ Display50MP + 13MP | 32MP Front Camera5000 mAh BatteryDimensity 7030 Processor1 Year on Handset and 6 Months on Accessories,4.3
34,"REDMI 12 5G (Moonstone Silver, 128 GB)","₹15,999",25% off,"₹11,999",4 GB RAM | 128 GB ROM | Expandable Upto 1 TB17.25 cm (6.79 inch) Full HD+ Display50MP + 2MP | 8MP Front Camera5000 mAh BatterySnapdragon 4 Gen 2 Processor1 Year Manufacturer Warranty for Phone and 6 Months Warranty for In the Box Accessories,4.3
35,"REDMI 13C (Stardust Black, 128 GB)","₹11,999",35% off,"₹7,699",4 GB RAM | 128 GB ROM | Expandable Upto 1 TB17.12 cm (6.74 inch) HD+ Display50MP Rear Camera | 8MP Front Camera5000 mAh BatteryHelio G85 Processor1 Year Manufacturer Warranty for Phone and 6 Months Warranty for In the Box Accessories,4.3
36,"Motorola Edge 40 Neo (Peach Fuzz, 256 GB)","₹29,999",16% off,"₹24,999",12 GB RAM | 256 GB ROM16.64 cm (6.55 inch) Full HD+ Display50MP + 13MP | 32MP Front Camera5000 mAh BatteryDimensity 7030 Processor1 Year on Handset and 6 Months on Accessories,4.3
37,"vivo T2 Pro 5G (New Moon Black, 256 GB)","₹27,999",10% off,"₹24,999",8 GB RAM | 256 GB ROM17.22 cm (6.78 inch) Full HD+ Display64MP + 2MP | 16MP Front Camera4600 mAh BatteryDimensity 7200 Processor1 Year Manufacturer Warranty for Phone and 6 Months Warranty for In the Box Accessories,4.5
38,"vivo T2 Pro 5G (Dune Gold, 128 GB)","₹26,999",11% off,"₹23,999",8 GB RAM | 128 GB ROM17.22 cm (6.78 inch) Full HD+ Display64MP + 2MP | 16MP Front Camera4600 mAh BatteryDimensity 7200 Processor1 Year Manufacturer Warranty for Phone and 6 Months Warranty for In the Box Accessories,4.5
39,"vivo T3 5G (Cosmic Blue, 256 GB)","₹24,999",12% off,"₹21,999",8 GB RAM | 256 GB ROM16.94 cm (6.67 inch) Full HD+ Display50MP + 2MP | 16MP Front Camera5000 mAh BatteryDimensity 7200 Processor1 Year Manufacturer Warranty for Device and 6 Months Manufacturer Warranty for Inbox Accessories,4.4
40,"REDMI Note 13 Pro+ 5G (Fusion Purple, 256 GB)","₹33,999",5% off,"₹31,999",8 GB RAM | 256 GB ROM16.94 cm (6.67 inch) Display200MP (OIS) + 8MP + 2MP | 16MP Front Camera5000 mAh BatteryDimensity 7200 Ultra 5G Processor1 Year Manufacturer Warranty for Phone and 6 Months Warranty for In the Box Accessories,4.2
41,"REDMI Note 13 Pro 5G (Coral Purple, 128 GB)","₹28,999",10% off,"₹25,999",8 GB RAM | 128 GB ROM16.94 cm (6.67 inch) Display200MP (OIS) + 8MP + 2MP | 16MP Front Camera5100 mAh Battery7s Gen 2 Mobile Platform 5G Processor1 Year Manufacturer Warranty for Phone and 6 Months Warranty for In the Box Accessories,4.3
42,"vivo T3 5G (Crystal Flake, 256 GB)","₹24,999",12% off,"₹21,999",8 GB RAM | 256 GB ROM16.94 cm (6.67 inch) Full HD+ Display50MP + 2MP | 16MP Front Camera5000 mAh BatteryDimensity 7200 Processor1 Year Manufacturer Warranty for Device and 6 Months Manufacturer Warranty for Inbox Accessories,4.4
43,"vivo T2 Pro 5G (Dune Gold, 256 GB)","₹27,999",10% off,"₹24,999",8 GB RAM | 256 GB ROM17.22 cm (6.78 inch) Full HD+ Display64MP + 2MP | 16MP Front Camera4600 mAh BatteryDimensity 7200 Processor1 Year Manufacturer Warranty for Phone and 6 Months Warranty for In the Box Accessories,4.5
44,"REDMI Note 13 Pro+ 5G (Fusion White, 256 GB)","₹33,999",5% off,"₹31,999",8 GB RAM | 256 GB ROM16.94 cm (6.67 inch) Display200MP (OIS) + 8MP + 2MP | 16MP Front Camera5000 mAh BatteryDimensity 7200 Ultra 5G Processor1 Year Manufacturer Warranty for Phone and 6 Months Warranty for In the Box Accessories,4.2
45,"REDMI Note 13 Pro 5G (Midnight Black, 128 GB)","₹28,999",10% off,"₹25,999",8 GB RAM | 128 GB ROM16.94 cm (6.67 inch) Display200MP (OIS) + 8MP + 2MP | 16MP Front Camera5100 mAh Battery7s Gen 2 Mobile Platform 5G Processor1 Year Manufacturer Warranty for Phone and 6 Months Warranty for In the Box Accessories,4.3
46,"vivo T2 Pro 5G (New Moon Black, 128 GB)","₹26,999",11% off,"₹23,999",8 GB RAM | 128 GB ROM17.22 cm (6.78 inch) Full HD+ Display64MP + 2MP | 16MP Front Camera4600 mAh BatteryDimensity 7200 Processor1 Year Manufacturer Warranty for Phone and 6 Months Warranty for In the Box Accessories,4.5
47,"realme 12 Pro 5G (Navigator Beige, 128 GB)","₹29,999",16% off,"₹24,999",8 GB RAM | 128 GB ROM17.02 cm (6.7 inch) Full HD+ Display50MP + 8MP + 32MP | 16MP Front Camera5000 mAh BatterySnapdragon 6 Gen 1 Processor1 Year Manufacturer Warranty for Device and 6 Months Manufacturer Warranty for Inbox Accessories,4.4
48,"Infinix Zero 30 5G (Rome Green, 256 GB)","₹27,999",21% off,"₹21,999",8 GB RAM | 256 GB ROM17.22 cm (6.78 inch) Full HD+ Display108MP (OIS) + 13MP + 2MP | 50MP Front Camera5000 mAh Lithium-ion Polymer BatteryDimensity 8020 Processor1 Year Warranty on the Handset and 6 Months Warranty on the Accessories,4.2
49,"POCO X6 5G (Mirror Black, 512 GB)","₹27,999",17% off,"₹22,999",12 GB RAM | 512 GB ROM16.94 cm (6.67 inch) Display64MP + 8MP + 2MP | 16MP Front Camera5100 mAh Battery7s Gen 2 Mobile Platform 5G Processor1 Year Manufacturer Warranty for Phone and 6 Months Warranty for In the Box Accessories,4.3
50,"Infinix Zero 30 5G (Golden Hour, 256 GB)","₹27,999",21% off,"₹21,999",8 GB RAM | 256 GB ROM17.22 cm (6.78 inch) Full HD+ Display108MP (OIS) + 13MP + 2MP | 50MP Front Camera5000 mAh Lithium-ion Polymer BatteryDimensity 8020 Processor1 Year Warranty on the Handset and 6 Months Warranty on the Accessories,4.2
51,"REDMI Note 13 5G (Stealth Black, 256 GB)","₹24,999",16% off,"₹20,984",12 GB RAM | 256 GB ROM16.94 cm (6.67 inch) Display108MP Rear Camera5000 mAh Battery1 Year Brand Warranty,4.2
52,"REDMI Note 13 5G (Arctic White, 256 GB)","₹24,999",16% off,"₹20,976",12 GB RAM | 256 GB ROM16.94 cm (6.67 inch) Display108MP Rear Camera5000 mAh Battery1 Year Brand Warranty,4.2
53,"IQOO Z9 (Brushed Green, 128 GB)","₹29,990",28% off,"₹21,489",8 GB RAM | 128 GB ROM17.22 cm (6.78 inch) Display50MP Rear Camera5000 mAh Battery1 Year,4.2
54,"Honor 90 5G (Emerald Green, 256 GB)","₹47,999",43% off,"₹26,999",8 GB RAM | 256 GB ROM17.02 cm (6.7 inch) Display200MP Rear Camera5000 mAh Battery1 year manufacturer warranty for handset & 6 months for accessories,4
55,"REDMI Note 13 5G (Stealth Black, 256 GB)","₹22,999",17% off,"₹18,990",8 GB RAM | 256 GB ROM16.94 cm (6.67 inch) Display108MP Rear Camera5000 mAh Battery1 Year Brand Warranty,4.1
56,"REDMI Note 13 Pro 5G (Coral Purple, 128 GB)","₹28,999",10% off,"₹25,999",8 GB RAM | 128 GB ROM16.94 cm (6.67 inch) Display200MP (OIS) + 8MP + 2MP | 16MP Front Camera5100 mAh Battery7s Gen 2 Mobile Platform 5G Processor1 Year Manufacturer Warranty for Phone and 6 Months Warranty for In the Box Accessories,4.3
57,"IQOO Z7 Pro 5G (Blue Lagoon, 128 GB)","₹26,999",9% off,"₹24,390",8 GB RAM | 128 GB ROM17.22 cm (6.78 inch) Display64MP Rear Camera4600 mAh Battery1 Year on Handset and 6 Months on Accessories,4.4
58,"REDMI Note 13 5G (Arctic White, 256 GB)","₹22,999",17% off,"₹18,990",8 GB RAM | 256 GB ROM16.94 cm (6.67 inch) Display108MP Rear Camera5000 mAh Battery1 Year Brand Warranty,4.1
59,"OnePlus Nord CE3 5G (Aqua Surge, 128 GB)","₹26,999",7% off,"₹24,890",8 GB RAM | 128 GB ROM17.02 cm (6.7 inch) Display50MP Rear Camera | 16MP Front Camera5000 mAh BatteryDomestic 1 Year of Device & 6 Months for In-Box Accessories,4.4
60,"OnePlus Nord CE3 5G (Grey Shimmer, 128 GB)","₹26,999",11% off,"₹23,998",8 GB RAM | 128 GB ROM17.02 cm (6.7 inch) Display50MP Rear Camera5000 mAh BatteryDomestic 1 Year of Device & 6 Months for In-Box Accessories,4.4
61,"REDMI Note 13 5G (Prism Gold, 256 GB)","₹24,999",16% off,"₹20,983",12 GB RAM | 256 GB ROM16.94 cm (6.67 inch) Display108MP Rear Camera5000 mAh Battery1 Year Brand Warranty,4.2
62,"Motorola Edge 40 Neo (Caneel Bay, 256 GB)","₹29,999",16% off,"₹24,999",12 GB RAM | 256 GB ROM16.64 cm (6.55 inch) Full HD+ Display50MP + 13MP | 32MP Front Camera5000 mAh BatteryDimensity 7030 Processor1 Year on Handset and 6 Months on Accessories,4.3
63,"OPPO A79 5G (Mystery Black, 128 GB)","₹22,999",23% off,"₹17,499","8 GB RAM | 128 GB ROM | Expandable Upto 1 TB17.07 cm (6.72 inch) Full HD+ DisplayRear Camera: 50MP AI Camera, 2MP Portrait Camera Front Camera: 8MP Selfie Camera | 8MP Front Camera5000 mAh Lithium Polymer BatteryMediatek Dimensity 6020 ProcessorBefore going on the market, the product has gone through 6 tests, namely drop, anti-splash, radiation, weather, slight drop, and signal tests, and 5 safety protection steps, namely durability, fire and flame retardant, temperature protection, noise safety, and battery protection. 50-plus production-related checks, 130-plus ultra-stringent reliability tests, and 320-plus comprehensive testing processes, just to provide OPPO enduring craftsmanship and quality.[1-Meter Directional Drop Test][150-Circle Tumbling Test][14,000 Micro-Drop Test][Water-Spray Test][1,000 25Kg Soft Pressure Tests][Stress Bending Test][500,000 On Button Press Tests][20,000 USB Plug/Unplug Tests][65°C 95%RH 168H High Temperature and High Humidity Test][100,000-Plus Rigorous Quality Tests]* The data here refers to laboratory test data only and is not intended for quality assurance in daily use. The actual situation will be slightly different due to different test software versions, test environments, and versions.12 Months on Handset and 6 Months on Adapter & Cable",4.3
64,"SAMSUNG Galaxy M34 5G without charger (Midnight Blue, 128 GB)","₹25,999",32% off,"₹17,490",8 GB RAM | 128 GB ROM16.51 cm (6.5 inch) Display50MP Rear Camera6000 mAh BatteryDomestic 1 Year of Device & 6 Months for In-Box Accessories,4.2
65,"REDMI Note 13 Pro 5G (Arctic White, 128 GB)","₹28,999",10% off,"₹25,999",8 GB RAM | 128 GB ROM16.94 cm (6.67 inch) Display200MP (OIS) + 8MP + 2MP | 16MP Front Camera5100 mAh Battery7s Gen 2 Mobile Platform 5G Processor1 Year Manufacturer Warranty for Phone and 6 Months Warranty for In the Box Accessories,4.3
66,"SAMSUNG Galaxy A15 5G (Blue Black, 128 GB)","₹21,499",9% off,"₹19,499",8 GB RAM | 128 GB ROM | Expandable Upto 1 TB16.51 cm (6.5 inch) Full HD+ Display50MP + 5MP + 2MP | 13MP Front Camera5000 mAh BatteryDimensity 6100+ Processor1 Year Manufacturer Warranty for Device and 6 Months for In-Box Accessories,4.2
67,"SAMSUNG Galaxy A33 (Awesome Blue, 128 GB)","₹33,990",36% off,"₹21,490",8 GB RAM | 128 GB ROM | Expandable Upto 1 TB16.26 cm (6.4 inch) Full HD+ Display48MP + 8MP + 5MP + 2MP | 13MP Front Camera5000 mAh Li-ion BatteryExynos 1280 Processor1 Year Manufacturer Warranty for Device and 6 Months Manufacturer Warranty for In-Box,4.1
68,"SAMSUNG Galaxy A15 5G (Light Blue, 128 GB)","₹21,499",9% off,"₹19,499",8 GB RAM | 128 GB ROM | Expandable Upto 1 TB16.51 cm (6.5 inch) Full HD+ Display50MP + 5MP + 2MP | 13MP Front Camera5000 mAh BatteryDimensity 6100+ Processor1 Year Manufacturer Warranty for Device and 6 Months for In-Box Accessories,4.2
69,"POCO X6 5G (Snowstorm White, 512 GB)","₹27,999",17% off,"₹22,999",12 GB RAM | 512 GB ROM16.94 cm (6.67 inch) Display64MP + 8MP + 2MP | 16MP Front Camera5100 mAh Battery7s Gen 2 Mobile Platform 5G Processor1 Year Manufacturer Warranty for Phone and 6 Months Warranty for In the Box Accessories,4.3
70,"Honor X9b (Midnight Black, 256 GB)","₹30,999",25% off,"₹22,982",8 GB RAM | 256 GB ROM17.22 cm (6.78 inch) Full HD+ Display108MP + 5MP + 2MP | 16MP Front Camera5800 mAh BatteryQualcomm Snapdragon 6 Gen 1 Processor1 Year Manufacturer Warranty for Device and 6 Months Manufacturer Warranty for Inbox Accessories,4.2
71,"SAMSUNG Galaxy F54 5G (Meteor Blue, 256 GB)","₹35,999",30% off,"₹24,999",8 GB RAM | 256 GB ROM | Expandable Upto 1 TB17.02 cm (6.7 inch) Full HD+ Display108MP + 8MP + 2MP | 32MP Front Camera6000 mAh BatteryOcta Core Processor1 Year Manufacturer Warranty for Device and 6 Months Manufacturer Warranty for In-Box Accessories,4.2
72,"POCO X6 5G (Mirror Black, 256 GB)","₹26,999",18% off,"₹21,999",12 GB RAM | 256 GB ROM16.94 cm (6.67 inch) Display64MP + 8MP + 2MP | 16MP Front Camera5100 mAh Battery7s Gen 2 Mobile Platform 5G Processor1 Year Manufacturer Warranty for Phone and 6 Months Warranty for In the Box Accessories,4.3
73,"REDMI Note 13 Pro 5G (Coral Purple, 128 GB)","₹28,999",17% off,"₹23,999",8 GB RAM | 128 GB ROM16.94 cm (6.67 inch) Display200MP (OIS) + 8MP + 2MP | 16MP Front Camera5100 mAh Battery7s Gen 2 Mobile Platform 5G Processor1 Year Manufacturer Warranty for Phone and 6 Months Warranty for In the Box Accessories,4.3
74,"REDMI 13C (Starfrost White, 128 GB)","₹11,999",35% off,"₹7,699",4 GB RAM | 128 GB ROM | Expandable Upto 1 TB17.12 cm (6.74 inch) HD+ Display50MP Rear Camera | 8MP Front Camera5000 mAh BatteryHelio G85 Processor1 Year Manufacturer Warranty for Phone and 6 Months Warranty for In the Box Accessories,4.3
75,"REDMI Note 13 5G (Stealth Black, 128 GB)","₹20,999",14% off,"₹17,999",6 GB RAM | 128 GB ROM | Expandable Upto 1 TB16.94 cm (6.67 inch) Full HD+ Display108MP + 2MP | 16MP Front Camera5000 mAh BatteryDimensity 6080 Processor1 Year Manufacturer Warranty for Phone and 6 Months Warranty for In the Box Accessories,4.2
76,"Honor X9b (Sunrise Orange, 256 GB)","₹30,999",19% off,"₹24,979",8 GB RAM | 256 GB ROM17.22 cm (6.78 inch) Full HD+ Display108MP + 5MP + 2MP | 16MP Front Camera5800 mAh BatteryQualcomm Snapdragon 6 Gen 1 Processor1 Year Manufacturer Warranty for Device and 6 Months Manufacturer Warranty for Inbox Accessories,4.2
77,"IQOO Z9 5G (Graphene Blue, 256 GB)","₹26,999",16% off,"₹22,548",8 GB RAM | 256 GB ROM16.94 cm (6.67 inch) Display50MP Rear Camera5000 mAh Battery1 Year on Handset and 6 Months on Accessories,4.3
78,"IQOO Z9 5G (Brushed Green, 256 GB)","₹26,999",15% off,"₹22,936",8 GB RAM | 256 GB ROM16.94 cm (6.67 inch) Display50MP Rear Camera5000 mAh Battery1 Year on Handset and 6 Months on Accessories,4.3
79,"OPPO F25 Pro 5G (Coral Purple, 128 GB)","₹28,999",17% off,"₹23,999",8 GB RAM | 128 GB ROM | Expandable Upto 2 TB17.02 cm (6.7 inch) Full HD+ Display64MP + 8MP + 2MP | 32MP Front Camera5000 mAh BatteryDimensity 7050 Processor1 Year Manufacturer Warranty for Device and 6 Months Manufacturer Warranty for Inbox Accessories,4.3
80,"REDMI Note 13 5G (Arctic White, 128 GB)","₹20,999",14% off,"₹17,999",6 GB RAM | 128 GB ROM | Expandable Upto 1 TB16.94 cm (6.67 inch) Full HD+ Display108MP + 2MP | 16MP Front Camera5000 mAh BatteryDimensity 6080 Processor1 Year Manufacturer Warranty for Phone and 6 Months Warranty for In the Box Accessories,4.2
81,"REDMI Note 13 Pro 5G (Arctic White, 128 GB)","₹28,999",10% off,"₹25,999",8 GB RAM | 128 GB ROM16.94 cm (6.67 inch) Display200MP (OIS) + 8MP + 2MP | 16MP Front Camera5100 mAh Battery7s Gen 2 Mobile Platform 5G Processor1 Year Manufacturer Warranty for Phone and 6 Months Warranty for In the Box Accessories,4.3
82,"IQOO Z9 5G (Graphene Blue, 128 GB)","₹24,999",16% off,"₹20,944",8 GB RAM | 128 GB ROM16.94 cm (6.67 inch) Display50MP Rear Camera5000 mAh Battery1 Year,4.3
83,"OPPO A79 5G (Glowing Green, 128 GB)","₹22,999",23% off,"₹17,499","8 GB RAM | 128 GB ROM | Expandable Upto 1 TB17.07 cm (6.72 inch) Full HD+ DisplayRear Camera: 50MP AI Camera, 2MP Portrait Camera Front Camera: 8MP Selfie Camera | 8MP Front Camera5000 mAh Lithium Polymer BatteryMediatek Dimensity 6020 ProcessorBefore going on the market, the product has gone through 6 tests, namely drop, anti-splash, radiation, weather, slight drop, and signal tests, and 5 safety protection steps, namely durability, fire and flame retardant, temperature protection, noise safety, and battery protection. 50-plus production-related checks, 130-plus ultra-stringent reliability tests, and 320-plus comprehensive testing processes, just to provide OPPO enduring craftsmanship and quality.
[1-Meter Directional Drop Test]
[150-Circle Tumbling Test]
[14,000 Micro-Drop Test]
[Water-Spray Test]
[1,000 25Kg Soft Pressure Tests]
[Stress Bending Test]
[500,000 On Button Press Tests]
[20,000 USB Plug/Unplug Tests]
[65°C 95%RH 168H High Temperature and High Humidity Test]
[100,000-Plus Rigorous Quality Tests]
* The data here refers to laboratory test data only and is not intended for quality assurance in daily use. The actual situation will be slightly different due to different test software versions, test environments, and versions.12 Months on Handset and 6 Months on Adapter & Cable",4.3
84,"REDMI 12 5G (Moonstone Silver, 128 GB)","₹15,999",25% off,"₹11,999",4 GB RAM | 128 GB ROM | Expandable Upto 1 TB17.25 cm (6.79 inch) Full HD+ Display50MP + 2MP | 8MP Front Camera5000 mAh BatterySnapdragon 4 Gen 2 Processor1 Year Manufacturer Warranty for Phone and 6 Months Warranty for In the Box Accessories,4.3
85,"REDMI 13C (Stardust Black, 128 GB)","₹11,999",35% off,"₹7,699",4 GB RAM | 128 GB ROM | Expandable Upto 1 TB17.12 cm (6.74 inch) HD+ Display50MP Rear Camera | 8MP Front Camera5000 mAh BatteryHelio G85 Processor1 Year Manufacturer Warranty for Phone and 6 Months Warranty for In the Box Accessories,4.3
86,"REDMI Note 13 Pro 5G (Arctic White, 128 GB)","₹28,999",17% off,"₹23,949",8 GB RAM | 128 GB ROM16.94 cm (6.67 inch) Display200MP (OIS) + 8MP + 2MP | 16MP Front Camera5100 mAh Battery7s Gen 2 Mobile Platform 5G Processor1 Year Manufacturer Warranty for Phone and 6 Months Warranty for In the Box Accessories,4.3
87,"Motorola Edge 40 Neo (Black Beauty, 128 GB)","₹27,999",17% off,"₹22,999",8 GB RAM | 128 GB ROM16.64 cm (6.55 inch) Full HD+ Display50MP + 13MP | 32MP Front Camera5000 mAh BatteryDimensity 7030 Processor1 Year on Handset and 6 Months on Accessories,4.3
88,"vivo V29e 5G (Artistic Red, 128 GB)","₹31,999",18% off,"₹25,999",8 GB RAM | 128 GB ROM17.22 cm (6.78 inch) Full HD+ Display64MP + 8MP | 50MP Front Camera5000 mAh BatterySnapdragon 695 Processor1 Year Manufacturer Warranty for Phone and 6 Months Warranty for In the Box Accessories,4.4
89,"SAMSUNG Galaxy M34 5G without charger (Midnight Blue, 128 GB)","₹24,499",18% off,"₹19,895",6 GB RAM | 128 GB ROM16.51 cm (6.5 inch) Display50MP Rear Camera6000 mAh BatteryDomestic 1 Year of Device & 6 Months for In-Box Accessories,4.2
90,"REDMI Note 13 Pro+ 5G (Fusion Purple, 256 GB)","₹33,999",5% off,"₹31,999",8 GB RAM | 256 GB ROM16.94 cm (6.67 inch) Display200MP (OIS) + 8MP + 2MP | 16MP Front Camera5000 mAh BatteryDimensity 7200 Ultra 5G Processor1 Year Manufacturer Warranty for Phone and 6 Months Warranty for In the Box Accessories,4.2
91,"REDMI Note 13 Pro 5G (Coral Purple, 128 GB)","₹28,999",10% off,"₹25,999",8 GB RAM | 128 GB ROM16.94 cm (6.67 inch) Display200MP (OIS) + 8MP + 2MP | 16MP Front Camera5100 mAh Battery7s Gen 2 Mobile Platform 5G Processor1 Year Manufacturer Warranty for Phone and 6 Months Warranty for In the Box Accessories,4.3
92,"REDMI Note 13 Pro 5G (Midnight Black, 128 GB)","₹28,999",17% off,"₹23,899",8 GB RAM | 128 GB ROM16.94 cm (6.67 inch) Display200MP (OIS) + 8MP + 2MP | 16MP Front Camera5100 mAh Battery7s Gen 2 Mobile Platform 5G Processor1 Year Manufacturer Warranty for Phone and 6 Months Warranty for In the Box Accessories,4.3
93,"SAMSUNG Galaxy M34 5G (Waterfall Blue, 128 GB)","₹24,499",30% off,"₹17,099",6 GB RAM | 128 GB ROM16.51 cm (6.5 inch) Display50MP Rear Camera6000 mAh BatteryDomestic 1 Year of Device & 6 Months for In-Box Accessories,4.2
94,"REDMI Note 13 Pro+ 5G (Fusion White, 256 GB)","₹33,999",5% off,"₹31,999",8 GB RAM | 256 GB ROM16.94 cm (6.67 inch) Display200MP (OIS) + 8MP + 2MP | 16MP Front Camera5000 mAh BatteryDimensity 7200 Ultra 5G Processor1 Year Manufacturer Warranty for Phone and 6 Months Warranty for In the Box Accessories,4.2
95,"REDMI Note 13 Pro+ 5G (Fusion Black, 256 GB)","₹33,999",5% off,"₹31,999",8 GB RAM | 256 GB ROM16.94 cm (6.67 inch) Display200MP (OIS) + 8MP + 2MP | 16MP Front Camera5000 mAh BatteryDimensity 7200 Ultra 5G Processor1 Year Manufacturer Warranty for Phone and 6 Months Warranty for In the Box Accessories,4.2
